{
   "account":"mapbox",
   "tilesetid":"mapbox.mapbox-streets-v7",
   "layers":[
      {
         "account":"mapbox",
         "tilesetid":"mapbox.mapbox-streets-v7",
         "layer":"landuse",
         "geometry":"Polygon",
         "count":null,
         "attributes":[
            {
               "attribute":"class",
               "type":"string",
               "values":[
                  "agriculture",
                  "cemetery",
                  "glacier",
                  "grass",
                  "hospital",
                  "industrial",
                  "park",
                  "parking",
                  "piste",
                  "pitch",
                  "rock",
                  "sand",
                  "school",
                  "scrub",
                  "wood",
                  "aboriginal_lands"
               ]
            },
            {
               "attribute":"type",
               "type":"string"
            }
         ]
      },
      {
         "account":"mapbox",
         "tilesetid":"mapbox.mapbox-streets-v7",
         "layer":"waterway",
         "geometry":"LineString",
         "count":null,
         "attributes":[
            {
               "attribute":"class",
               "type":"string",
               "values":[
                  "river",
                  "canal",
                  "stream",
                  "stream_intermittent",
                  "ditch",
                  "drain"
               ]
            },
            {
               "attribute":"type",
               "type":"string",
               "values":[
                  "river",
                  "canal",
                  "stream",
                  "ditch",
                  "drain"
               ]
            }
         ]
      },
      {
         "account":"mapbox",
         "tilesetid":"mapbox.mapbox-streets-v7",
         "layer":"water",
         "geometry":"Polygon",
         "count":null,
         "attributes":[

         ]
      },
      {
         "account":"mapbox",
         "tilesetid":"mapbox.mapbox-streets-v7",
         "layer":"aeroway",
         "geometry":"LineString",
         "count":null,
         "attributes":[
            {
               "attribute":"type",
               "type":"string",
               "values":[
                  "runway",
                  "taxiway",
                  "apron",
                  "helipad"
               ]
            }
         ]
      },
      {
         "account":"mapbox",
         "tilesetid":"mapbox.mapbox-streets-v7",
         "layer":"barrier_line",
         "geometry":"LineString",
         "count":null,
         "attributes":[
            {
               "attribute":"class",
               "type":"string",
               "values":[
                  "fence",
                  "hedge",
                  "cliff",
                  "gate",
                  "land"
               ]
            }
         ]
      },
      {
         "account":"mapbox",
         "tilesetid":"mapbox.mapbox-streets-v7",
         "layer":"building",
         "geometry":"Polygon",
         "count":null,
         "attributes":[
            {
               "attribute":"extrude",
               "type":"string",
               "values":[
                  "true",
                  "false"
               ]
            },
            {
               "attribute":"height",
               "type":"number",
               "min":0,
               "max":999
            },
            {
               "attribute":"min_height",
               "type":"number",
               "min":0,
               "max":999
            },
            {
               "attribute":"type",
               "type":"string",
               "values":[
                  "building",
                  "house",
                  "residential",
                  "garage",
                  "apartments",
                  "hut",
                  "industrial",
                  "roof",
                  "shed",
                  "detached",
                  "commercial",
                  "garages",
                  "terrace",
                  "building:part",
                  "school",
                  "retail",
                  "farm_auxilary",
                  "construction",
                  "church",
                  "greenhouse",
                  "barn",
                  "service",
                  "cabin",
                  "manufacture",
                  "warehouse",
                  "farm",
                  "civic",
                  "office",
                  "collapsed",
                  "university",
                  "public",
                  "hangar",
                  "hospital",
                  "entrance",
                  "static_caravan",
                  "hotel",
                  "chapel",
                  "semidetached_house",
                  "ger",
                  "kindergarten",
                  "damaged",
                  "transportation",
                  "train_station",
                  "dormitory",
                  "commercial;residential",
                  "storage_tank",
                  "stable",
                  "trullo",
                  "houseboat",
                  "shop",
                  "ruins"
               ]
            },
            {
               "attribute":"underground",
               "type":"string",
               "values":[
                  "true",
                  "false"
               ]
            }
         ]
      },
      {
         "account":"mapbox",
         "tilesetid":"mapbox.mapbox-streets-v7",
         "layer":"landuse_overlay",
         "geometry":"Polygon",
         "count":null,
         "attributes":[
            {
               "attribute":"class",
               "type":"string",
               "values":[
                  "national_park",
                  "wetland",
                  "wetland_noveg"
               ]
            },
            {
               "attribute":"type",
               "type":"string"
            }
         ]
      },
      {
         "account":"mapbox",
         "tilesetid":"mapbox.mapbox-streets-v7",
         "layer":"road",
         "geometry":"LineString",
         "count":null,
         "attributes":[
            {
               "attribute":"class",
               "type":"string",
               "values":[
                  "motorway",
                  "motorway_link",
                  "trunk",
                  "primary",
                  "secondary",
                  "tertiary",
                  "level_crossing",
                  "link",
                  "street",
                  "street_limited",
                  "pedestrian",
                  "construction",
                  "track",
                  "service",
                  "ferry",
                  "path",
                  "major_rail",
                  "minor_rail",
                  "aerialway",
                  "golf",
                  "turning_circle",
                  "mini_roundabout",
                  "turning_loop",
                  "traffic_signals"
               ]
            },
            {
               "attribute":"layer",
               "type":"number",
               "min":-5,
               "max":5,
               "values":[
                  -5,
                  -4,
                  -3,
                  -2,
                  -1,
                  0,
                  1,
                  2,
                  3,
                  4,
                  5
               ]
            },
            {
               "attribute":"oneway",
               "type":"string",
               "values":[
                  "true",
                  "false"
               ]
            },
            {
               "attribute":"structure",
               "type":"string",
               "values":[
                  "none",
                  "bridge",
                  "tunnel",
                  "ford"
               ]
            },
            {
               "attribute":"type",
               "type":"string",
               "values":[
                  "motorway",
                  "motorway_link",
                  "trunk",
                  "primary",
                  "secondary",
                  "tertiary",
                  "trunk_link",
                  "primary_link",
                  "secondary_link",
                  "tertiary_link",
                  "residential",
                  "unclassified",
                  "road",
                  "living_street",
                  "level_crossing",
                  "raceway",
                  "pedestrian",
                  "platform",
                  "construction:motorway",
                  "construction:motorway_link",
                  "construction:trunk",
                  "construction:trunk_link",
                  "construction:primary",
                  "construction:primary_link",
                  "construction:secondary",
                  "construction:secondary_link",
                  "construction:tertiary",
                  "construction:tertiary_link",
                  "construction:unclassified",
                  "construction:residential",
                  "construction:road",
                  "construction:living_street",
                  "construction:pedestrian",
                  "construction",
                  "track:grade1",
                  "track:grade2",
                  "track:grade3",
                  "track:grade4",
                  "track:grade5",
                  "track",
                  "service:alley",
                  "service:emergency_access",
                  "service:drive_through",
                  "service:driveway",
                  "service:parking_aisle",
                  "service",
                  "ferry",
                  "ferry_auto",
                  "steps",
                  "corridor",
                  "sidewalk",
                  "crossing",
                  "piste",
                  "mountain_bike",
                  "hiking",
                  "trail",
                  "cycleway",
                  "footway",
                  "path",
                  "bridleway",
                  "rail",
                  "subway",
                  "narrow_gauge",
                  "funicular",
                  "light_rail",
                  "miniature",
                  "monorail",
                  "preserved",
                  "tram",
                  "aerialway:cable_car",
                  "aerialway:gondola",
                  "aerialway:mixed_lift",
                  "aerialway:chair_lift",
                  "aerialway:drag_lift",
                  "aerialway:magic_carpet",
                  "aerialway",
                  "hole",
                  "turning_circle",
                  "mini_roundabout",
                  "traffic_signals"
               ]
            }
         ]
      },
      {
         "account":"mapbox",
         "tilesetid":"mapbox.mapbox-streets-v7",
         "layer":"admin",
         "geometry":"LineString",
         "count":null,
         "attributes":[
            {
               "attribute":"admin_level",
               "type":"number",
               "min":2,
               "max":4,
               "values":[
                  2,
                  3,
                  4
               ]
            },
            {
               "attribute":"disputed",
               "type":"number",
               "min":0,
               "max":1,
               "values":[
                  1,
                  0
               ]
            },
            {
               "attribute":"iso_3166_1",
               "type":"string",
               "values":[
                  "TR",
                  "RU",
                  "TH",
                  "US",
                  "VN",
                  "JP",
                  "AZ",
                  "DZ",
                  "PH",
                  "KE",
                  "RO",
                  "FR",
                  "IN",
                  "ID",
                  "CH",
                  "CN",
                  "NG",
                  "PH",
                  "AF",
                  "FR",
                  "IR",
                  "MX",
                  "CO",
                  "TZ",
                  "DO",
                  "BR",
                  "EC",
                  "EG",
                  "UA",
                  "US",
                  "AR-PY",
                  "PE",
                  "YE",
                  "KH",
                  "DE",
                  "GT",
                  "TN",
                  "RU",
                  "AR",
                  "MN",
                  "NO",
                  "UY",
                  "LY",
                  "CU",
                  "ES",
                  "SE",
                  "KR",
                  "TD",
                  "VE",
                  "NI",
                  "IT",
                  "AO",
                  "PY",
                  "BI",
                  "HN",
                  "PL",
                  "IQ",
                  "NL",
                  "PG",
                  "SD",
                  "BE-NL",
                  "FM",
                  "AE",
                  "KZ",
                  "CF",
                  "CI",
                  "GR",
                  "VE",
                  "MM",
                  "SV",
                  "LA",
                  "LB",
                  "SA",
                  "SO",
                  "BF",
                  "CA",
                  "LR",
                  "MY",
                  "NA",
                  "NZ",
                  "SY",
                  "KI",
                  "MH",
                  "JM",
                  "KP",
                  "BJ",
                  "JO",
                  "GE",
                  "SN",
                  "TL",
                  "UZ",
                  "JP",
                  "MR",
                  "AM",
                  "CD",
                  "ET",
                  "ZA",
                  "ZW",
                  "AU",
                  "BY"
               ]
            },
            {
               "attribute":"maritime",
               "type":"number",
               "min":0,
               "max":1,
               "values":[
                  1,
                  0
               ]
            }
         ]
      },
      {
         "account":"mapbox",
         "tilesetid":"mapbox.mapbox-streets-v7",
         "layer":"country_label",
         "geometry":"Point",
         "count":null,
         "attributes":[
            {
               "attribute":"name",
               "type":"string"
            },
            {
               "attribute":"name_de",
               "type":"string"
            },
            {
               "attribute":"name_en",
               "type":"string"
            },
            {
               "attribute":"name_es",
               "type":"string"
            },
            {
               "attribute":"name_fr",
               "type":"string"
            },
            {
               "attribute":"name_ru",
               "type":"string"
            },
            {
               "attribute":"name_zh",
               "type":"string"
            },
            {
               "attribute":"name_pt",
               "type":"string"
            },
            {
               "attribute":"name_ar",
               "type":"string"
            },
            {
               "attribute":"parent",
               "type":"string"
            },
            {
               "attribute":"code",
               "type":"string"
            },
            {
               "attribute":"scalerank",
               "type":"number",
               "min":1,
               "max":6,
               "values":[
                  1,
                  2,
                  3,
                  4,
                  5,
                  6
               ]
            },
            {
               "attribute":"type",
               "type":"string",
               "values":[
                  "country",
                  "territory",
                  "disputed territory",
                  "sar"
               ]
            }
         ]
      },
      {
         "account":"mapbox",
         "tilesetid":"mapbox.mapbox-streets-v7",
         "layer":"marine_label",
         "geometry":"LineString",
         "count":null,
         "attributes":[
            {
               "attribute":"name",
               "type":"string"
            },
            {
               "attribute":"name_en",
               "type":"string"
            },
            {
               "attribute":"name_fr",
               "type":"string"
            },
            {
               "attribute":"name_de",
               "type":"string"
            },
            {
               "attribute":"name_es",
               "type":"string"
            },
            {
               "attribute":"name_ru",
               "type":"string"
            },
            {
               "attribute":"name_zh",
               "type":"string"
            },
            {
               "attribute":"name_pt",
               "type":"string"
            },
            {
               "attribute":"name_ar",
               "type":"string"
            },
            {
               "attribute":"labelrank",
               "type":"number",
               "min":1,
               "max":6,
               "values":[
                  1,
                  2,
                  3,
                  4,
                  5,
                  6
               ]
            },
            {
               "attribute":"placement",
               "type":"string",
               "values":[
                  "point",
                  "line"
               ]
            }
         ]
      },
      {
         "account":"mapbox",
         "tilesetid":"mapbox.mapbox-streets-v7",
         "layer":"state_label",
         "geometry":"Point",
         "count":null,
         "attributes":[
            {
               "attribute":"name",
               "type":"string"
            },
            {
               "attribute":"name_en",
               "type":"string"
            },
            {
               "attribute":"name_fr",
               "type":"string"
            },
            {
               "attribute":"name_de",
               "type":"string"
            },
            {
               "attribute":"name_es",
               "type":"string"
            },
            {
               "attribute":"name_ru",
               "type":"string"
            },
            {
               "attribute":"name_zh",
               "type":"string"
            },
            {
               "attribute":"name_pt",
               "type":"string"
            },
            {
               "attribute":"name_ar",
               "type":"string"
            },
            {
               "attribute":"abbr",
               "type":"string"
            },
            {
               "attribute":"area",
               "type":"number",
               "min":0,
               "max":2527923
            }
         ]
      },
      {
         "account":"mapbox",
         "tilesetid":"mapbox.mapbox-streets-v7",
         "layer":"place_label",
         "geometry":"Point",
         "count":null,
         "attributes":[
            {
               "attribute":"name",
               "type":"string"
            },
            {
               "attribute":"name_de",
               "type":"string"
            },
            {
               "attribute":"name_en",
               "type":"string"
            },
            {
               "attribute":"name_es",
               "type":"string"
            },
            {
               "attribute":"name_fr",
               "type":"string"
            },
            {
               "attribute":"name_ru",
               "type":"string"
            },
            {
               "attribute":"name_zh",
               "type":"string"
            },
            {
               "attribute":"name_zh-Hans",
               "type":"string"
            },
            {
               "attribute":"name_pt",
               "type":"string"
            },
            {
               "attribute":"name_ar",
               "type":"string"
            },
            {
               "attribute":"localrank",
               "type":"number",
               "min":1,
               "max":99
            },
            {
               "attribute":"capital",
               "type":"number",
               "min":2,
               "max":6,
               "values":[
                  2,
                  3,
                  4,
                  5,
                  6
               ]
            },
            {
               "attribute":"ldir",
               "type":"string",
               "values":[
                  "N",
                  "E",
                  "S",
                  "W",
                  "NE",
                  "SE",
                  "SW",
                  "NW"
               ]
            },
            {
               "attribute":"scalerank",
               "type":"number",
               "min":0,
               "max":9,
               "values":[
                  0,
                  1,
                  2,
                  3,
                  4,
                  5,
                  6,
                  7,
                  8,
                  9
               ]
            },
            {
               "attribute":"type",
               "type":"string",
               "values":[
                  "city",
                  "town",
                  "village",
                  "hamlet",
                  "suburb",
                  "neighbourhood",
                  "island",
                  "islet",
                  "archipelago",
                  "residential",
                  "aboriginal_lands"
               ]
            }
         ]
      },
      {
         "account":"mapbox",
         "tilesetid":"mapbox.mapbox-streets-v7",
         "layer":"water_label",
         "geometry":"Point",
         "count":null,
         "attributes":[
            {
               "attribute":"name",
               "type":"string"
            },
            {
               "attribute":"name_de",
               "type":"string"
            },
            {
               "attribute":"name_en",
               "type":"string"
            },
            {
               "attribute":"name_es",
               "type":"string"
            },
            {
               "attribute":"name_fr",
               "type":"string"
            },
            {
               "attribute":"name_ru",
               "type":"string"
            },
            {
               "attribute":"name_zh",
               "type":"string"
            },
            {
               "attribute":"name_zh-Hans",
               "type":"string"
            },
            {
               "attribute":"name_pt",
               "type":"string"
            },
            {
               "attribute":"name_ar",
               "type":"string"
            },
            {
               "attribute":"area",
               "type":"number",
               "min":0,
               "max":999999999999
            }
         ]
      },
      {
         "account":"mapbox",
         "tilesetid":"mapbox.mapbox-streets-v7",
         "layer":"airport_label",
         "geometry":"Point",
         "count":null,
         "attributes":[
            {
               "attribute":"name",
               "type":"string"
            },
            {
               "attribute":"name_de",
               "type":"string"
            },
            {
               "attribute":"name_en",
               "type":"string"
            },
            {
               "attribute":"name_es",
               "type":"string"
            },
            {
               "attribute":"name_fr",
               "type":"string"
            },
            {
               "attribute":"name_ru",
               "type":"string"
            },
            {
               "attribute":"name_zh",
               "type":"string"
            },
            {
               "attribute":"name_zh-Hans",
               "type":"string"
            },
            {
               "attribute":"name_pt",
               "type":"string"
            },
            {
               "attribute":"name_ar",
               "type":"string"
            },
            {
               "attribute":"maki",
               "type":"string",
               "values":[
                  "airport",
                  "airfield",
                  "heliport",
                  "rocket"
               ]
            },
            {
               "attribute":"ref",
               "type":"string"
            },
            {
               "attribute":"scalerank",
               "type":"number",
               "min":1,
               "max":4,
               "values":[
                  1,
                  2,
                  3,
                  4
               ]
            }
         ]
      },
      {
         "account":"mapbox",
         "tilesetid":"mapbox.mapbox-streets-v7",
         "layer":"rail_station_label",
         "geometry":"Point",
         "count":null,
         "attributes":[
            {
               "attribute":"name",
               "type":"string"
            },
            {
               "attribute":"name_de",
               "type":"string"
            },
            {
               "attribute":"name_en",
               "type":"string"
            },
            {
               "attribute":"name_es",
               "type":"string"
            },
            {
               "attribute":"name_fr",
               "type":"string"
            },
            {
               "attribute":"name_ru",
               "type":"string"
            },
            {
               "attribute":"name_zh",
               "type":"string"
            },
            {
               "attribute":"name_zh-Hans",
               "type":"string"
            },
            {
               "attribute":"name_pt",
               "type":"string"
            },
            {
               "attribute":"name_ar",
               "type":"string"
            },
            {
               "attribute":"maki",
               "type":"string",
               "values":[
                  "rail",
                  "rail-metro",
                  "rail-light",
                  "entrance"
               ]
            },
            {
               "attribute":"network",
               "type":"string",
               "values":[
                  "barcelona-metro",
                  "boston-t",
                  "chongqing-rail-transit",
                  "de-s-bahn",
                  "de-s-bahn.de-u-bahn",
                  "de-u-bahn",
                  "delhi-metro",
                  "gb-national-rail",
                  "gb-national-rail.london-dlr",
                  "gb-national-rail.london-dlr.london-overground.london-tfl-rail.london-underground",
                  "gb-national-rail.london-dlr.london-overground.london-underground",
                  "gb-national-rail.london-dlr.london-underground",
                  "gb-national-rail.london-overground",
                  "gb-national-rail.london-overground.london-underground",
                  "gb-national-rail.london-overground.london-tfl-rail.london-underground",
                  "gb-national-rail.london-tfl-rail",
                  "gb-national-rail.london-tfl-rail.london-overground",
                  "gb-national-rail.london-tfl-rail.london-underground",
                  "gb-national-rail.london-underground",
                  "hong-kong-mtr",
                  "kiev-metro",
                  "london-dlr",
                  "london-dlr.london-tfl-rail",
                  "london-dlr.london-tfl-rail.london-underground",
                  "london-dlr.london-underground",
                  "london-overground",
                  "london-overground.london-tfl-rail",
                  "london-overground.london-tfl-rail.london-underground",
                  "london-overground.london-underground",
                  "london-tfl-rail",
                  "london-tfl-rail.london-underground",
                  "london-underground",
                  "madrid-metro",
                  "mexico-city-metro",
                  "milan-metro",
                  "moscow-metro",
                  "new-york-subway",
                  "osaka-subway",
                  "oslo-metro",
                  "paris-metro",
                  "paris-metro.paris-rer",
                  "paris-rer",
                  "paris-rer.paris-transilien",
                  "paris-transilien",
                  "philadelphia-septa",
                  "san-francisco-bart",
                  "singapore-mrt",
                  "stockholm-metro",
                  "taipei-metro",
                  "tokyo-metro",
                  "vienna-u-bahn",
                  "washington-metro",
                  "rail",
                  "rail-metro",
                  "rail-light",
                  "entrance"
               ]
            }
         ]
      },
      {
         "account":"mapbox",
         "tilesetid":"mapbox.mapbox-streets-v7",
         "layer":"mountain_peak_label",
         "geometry":"Point",
         "count":null,
         "attributes":[
            {
               "attribute":"name",
               "type":"string"
            },
            {
               "attribute":"name_de",
               "type":"string"
            },
            {
               "attribute":"name_en",
               "type":"string"
            },
            {
               "attribute":"name_es",
               "type":"string"
            },
            {
               "attribute":"name_fr",
               "type":"string"
            },
            {
               "attribute":"name_ru",
               "type":"string"
            },
            {
               "attribute":"name_zh",
               "type":"string"
            },
            {
               "attribute":"name_zh-Hans",
               "type":"string"
            },
            {
               "attribute":"name_pt",
               "type":"string"
            },
            {
               "attribute":"name_ar",
               "type":"string"
            },
            {
               "attribute":"maki",
               "type":"string",
               "values":[
                  "mountain",
                  "volcano"
               ]
            },
            {
               "attribute":"elevation_ft",
               "type":"number",
               "min":0,
               "max":30000
            },
            {
               "attribute":"elevation_m",
               "type":"number",
               "min":0,
               "max":9144
            }
         ]
      },
      {
         "account":"mapbox",
         "tilesetid":"mapbox.mapbox-streets-v7",
         "layer":"poi_label",
         "geometry":"Point",
         "count":null,
         "attributes":[
            {
               "attribute":"ref",
               "type":"string"
            },
            {
               "attribute":"name",
               "type":"string"
            },
            {
               "attribute":"name_de",
               "type":"string"
            },
            {
               "attribute":"name_en",
               "type":"string"
            },
            {
               "attribute":"name_es",
               "type":"string"
            },
            {
               "attribute":"name_fr",
               "type":"string"
            },
            {
               "attribute":"name_ru",
               "type":"string"
            },
            {
               "attribute":"name_zh",
               "type":"string"
            },
            {
               "attribute":"name_zh-Hans",
               "type":"string"
            },
            {
               "attribute":"name_pt",
               "type":"string"
            },
            {
               "attribute":"name_ar",
               "type":"string"
            },
            {
               "attribute":"localrank",
               "type":"number",
               "min":1,
               "max":99
            },
            {
               "attribute":"maki",
               "type":"string",
               "values":[
                  "alcohol-shop",
                  "amusement-park",
                  "aquarium",
                  "art-gallery",
                  "attraction",
                  "bakery",
                  "bank",
                  "bar",
                  "beer",
                  "bicycle",
                  "bicycle-share",
                  "bus",
                  "cafe",
                  "car",
                  "castle",
                  "campsite",
                  "cemetery",
                  "cinema",
                  "clothing-store",
                  "college",
                  "dentist",
                  "doctor",
                  "dog-park",
                  "drinking-water",
                  "embassy",
                  "fast-food",
                  "ferry",
                  "fire-station",
                  "fuel",
                  "garden",
                  "golf",
                  "grocery",
                  "harbor",
                  "hospital",
                  "ice-cream",
                  "information",
                  "laundry",
                  "library",
                  "lodging",
                  "marker",
                  "monument",
                  "museum",
                  "music",
                  "park",
                  "pharmacy",
                  "picnic-site",
                  "place-of-worship",
                  "playground",
                  "religious-christian",
                  "religious-jewish",
                  "religious-muslim",
                  "police",
                  "post",
                  "prison",
                  "restaurant",
                  "school",
                  "shop",
                  "stadium",
                  "swimming",
                  "theatre",
                  "toilet",
                  "town-hall",
                  "suitcase",
                  "veterinary",
                  "zoo"
               ]
            },
            {
               "attribute":"type",
               "type":"string",
               "values":[
                  "Alcohol",
                  "Wine",
                  "Bakery",
                  "Bank",
                  "Bar",
                  "Nightclub",
                  "Biergarten",
                  "Bicycle",
                  "Bicycle Rental",
                  "Bus Station",
                  "Cafe",
                  "Car",
                  "Camp Site",
                  "Caravan Sit",
                  "Cemetery",
                  "Graveyard",
                  "Cinema",
                  "Clothes",
                  "Botique",
                  "College",
                  "University",
                  "Dog Park",
                  "Embassy",
                  "Fast Food",
                  "Ferry Terminal",
                  "Fire Station",
                  "Fuel",
                  "Florist",
                  "Garden Centre",
                  "Garden",
                  "Golf Course",
                  "Grocery",
                  "Supermarket",
                  "Convenience",
                  "Market",
                  "Greengrocer",
                  "Harbour",
                  "Marina",
                  "Hospital",
                  "Laundry",
                  "Library",
                  "Hotel",
                  "Hostel",
                  "Motel",
                  "Guest House",
                  "Alpine Hut",
                  "Monument",
                  "Museum",
                  "Music",
                  "Park",
                  "Nature Reserve",
                  "Common",
                  "Viewpoint",
                  "Picnic Site",
                  "Village Green",
                  "Conservation",
                  "Park",
                  "Wood",
                  "Forest",
                  "National Park",
                  "Forest",
                  "Photo",
                  "Camera",
                  "Photo Studio",
                  "Place Of Worship",
                  "Bed And Breakfast",
                  "Police",
                  "Post Office",
                  "Prison",
                  "Restaurant",
                  "School",
                  "Kindergarten",
                  "Mall",
                  "Shoes",
                  "Department Store",
                  "Chemist",
                  "Jewelery",
                  "Gift",
                  "Toys",
                  "Stationary",
                  "Variety Store",
                  "Outdoor",
                  "Boutique",
                  "Fabric",
                  "General",
                  "Second Hand",
                  "Antiques",
                  "Frame",
                  "Books",
                  "Electronic",
                  "Swimming Pool",
                  "Theatre",
                  "Townhall",
                  "Public Building",
                  "Courthouse",
                  "Community Centre",
                  "Travel Agency",
                  "Zoo",
                  "Boat Storage",
                  "Bureau De Change",
                  "Car Wash",
                  "Clinic",
                  "Community Centre",
                  "Dentist",
                  "Doctors",
                  "Driving School",
                  "Ice Cream",
                  "Marketplace",
                  "Nursing Home",
                  "Social Facility",
                  "Veterinar",
                  "Conservation",
                  "Military",
                  "Quarry",
                  "Garden",
                  "Playground",
                  "Recreation Ground",
                  "Sports Centre",
                  "Stadium",
                  "Aquarium",
                  "Attraction",
                  "Chalet",
                  "Picnic Site",
                  "Resort",
                  "Theme Park",
                  "Viewpoint",
                  "Archaeological Site",
                  "Battlefield",
                  "Castle",
                  "Fort",
                  "Palace",
                  "Ruins",
                  "Ship",
                  "Tomb",
                  "Wreck",
                  "Beach",
                  "Glacier",
                  "Marsh",
                  "Wetland",
                  "Terrace",
                  "Shed",
                  "Retail",
                  "Greenhouse",
                  "Hairdresser",
                  "Car Repair",
                  "Car",
                  "Butcher",
                  "Mall",
                  "Furniture",
                  "Company",
                  "Government",
                  "Estate Agent",
                  "Insurance"
               ]
            },
            {
               "attribute":"scalerank",
               "type":"number",
               "min":1,
               "max":5,
               "values":[
                  1,
                  2,
                  3,
                  4,
                  5
               ]
            }
         ]
      },
      {
         "account":"mapbox",
         "tilesetid":"mapbox.mapbox-streets-v7",
         "layer":"motorway_junction",
         "geometry":"Point",
         "count":null,
         "attributes":[
            {
               "attribute":"ref",
               "type":"string"
            },
            {
               "attribute":"reflen",
               "type":"number",
               "min":0,
               "max":9
            },
            {
               "attribute":"name",
               "type":"string"
            },
            {
               "attribute":"class",
               "type":"string",
               "values":[
                  "motorway",
                  "motorway_link",
                  "trunk",
                  "primary",
                  "secondary",
                  "tertiary",
                  "link",
                  "street",
                  "street_limited",
                  "pedestrian",
                  "construction",
                  "track",
                  "service",
                  "ferry",
                  "path"
               ]
            },
            {
               "attribute":"type",
               "type":"string",
               "values":[
                  "motorway",
                  "motorway_link",
                  "trunk",
                  "primary",
                  "secondary",
                  "tertiary",
                  "trunk_link",
                  "primary_link",
                  "secondary_link",
                  "tertiary_link",
                  "residential",
                  "unclassified",
                  "road",
                  "living_street",
                  "raceway",
                  "pedestrian",
                  "platform",
                  "construction:motorway",
                  "construction:motorway_link",
                  "construction:trunk",
                  "construction:trunk_link",
                  "construction:primary",
                  "construction:primary_link",
                  "construction:secondary",
                  "construction:secondary_link",
                  "construction:tertiary",
                  "construction:tertiary_link",
                  "construction:unclassified",
                  "construction:residential",
                  "construction:road",
                  "construction:living_street",
                  "construction:pedestrian",
                  "construction",
                  "track:grade1",
                  "track:grade2",
                  "track:grade3",
                  "track:grade4",
                  "track:grade5",
                  "track",
                  "service:alley",
                  "service:emergency_access",
                  "service:drive_through",
                  "service:driveway",
                  "service:parking_aisle",
                  "service",
                  "ferry",
                  "ferry_auto",
                  "steps",
                  "corridor",
                  "sidewalk",
                  "crossing",
                  "piste",
                  "mountain_bike",
                  "hiking",
                  "trail",
                  "cycleway",
                  "footway",
                  "path",
                  "bridleway"
               ]
            }
         ]
      },
      {
         "account":"mapbox",
         "tilesetid":"mapbox.mapbox-streets-v7",
         "layer":"road_label",
         "geometry":null,
         "count":null,
         "attributes":[
            {
               "attribute":"name",
               "type":"string"
            },
            {
               "attribute":"name_de",
               "type":"string"
            },
            {
               "attribute":"name_en",
               "type":"string"
            },
            {
               "attribute":"name_es",
               "type":"string"
            },
            {
               "attribute":"name_fr",
               "type":"string"
            },
            {
               "attribute":"name_ru",
               "type":"string"
            },
            {
               "attribute":"name_zh",
               "type":"string"
            },
            {
               "attribute":"name_zh-Hans",
               "type":"string"
            },
            {
               "attribute":"name_pt",
               "type":"string"
            },
            {
               "attribute":"name_ar",
               "type":"string"
            },
            {
               "attribute":"len",
               "type":"number",
               "min":0,
               "max":99
            },
            {
               "attribute":"iso_3166_2",
               "type":"string"
            },
            {
               "attribute":"localrank",
               "type":"number",
               "min":0,
               "max":99
            },
            {
               "attribute":"class",
               "type":"string",
               "values":[
                  "motorway",
                  "motorway_link",
                  "trunk",
                  "primary",
                  "secondary",
                  "tertiary",
                  "link",
                  "street",
                  "street_limited",
                  "pedestrian",
                  "construction",
                  "track",
                  "service",
                  "ferry",
                  "path",
                  "major_rail",
                  "minor_rail",
                  "aerialway",
                  "golf",
                  "turning_circle",
                  "mini_roundabout",
                  "turnng_loop",
                  "traffic_signals"
               ]
            },
            {
               "attribute":"ref",
               "type":"string"
            },
            {
               "attribute":"reflen",
               "type":"number",
               "min":0,
               "max":9
            },
            {
               "attribute":"shield",
               "type":"string",
               "values":[
                  "default",
                  "at-motorway",
                  "at-expressway",
                  "at-state-b",
                  "br-federal",
                  "br-state",
                  "bg-motorway",
                  "bg-national",
                  "hr-motorway",
                  "hr-state",
                  "hr-county",
                  "cz-motorway",
                  "cz-expressway",
                  "cz-road",
                  "dk-primary",
                  "dk-secondary",
                  "fi-main",
                  "fi-trunk",
                  "fi-regional",
                  "de-motorway",
                  "de-federal",
                  "gr-motorway",
                  "gr-national",
                  "hu-motorway",
                  "hu-main",
                  "in-national",
                  "in-state",
                  "nz-state",
                  "pe-national",
                  "pe-regional",
                  "pl-motorway",
                  "pl-expressway",
                  "pl-national",
                  "pl-voivodeship",
                  "ro-motorway",
                  "ro-national",
                  "ro-county",
                  "ro-communal",
                  "rs-motorway",
                  "rs-state-1b",
                  "rs-state-2a",
                  "rs-state-2b",
                  "sk-highway",
                  "sk-road",
                  "si-motorway",
                  "si-expressway",
                  "si-main",
                  "za-national",
                  "za-provincial",
                  "za-regional",
                  "za-metropolitan",
                  "se-main",
                  "ch-motorway",
                  "ch-main",
                  "mx-federal",
                  "mx-state",
                  "us-highway",
                  "us-highway-alternate",
                  "us-highway-business",
                  "us-highway-bypass",
                  "us-highway-duplex",
                  "us-interstate",
                  "us-interstate-business",
                  "us-interstate-duplex",
                  "us-interstate-truck",
                  "us-state",
                  "e-road"
               ]
            }
         ]
      },
      {
         "account":"mapbox",
         "tilesetid":"mapbox.mapbox-streets-v7",
         "layer":"waterway_label",
         "geometry":"LineString",
         "count":null,
         "attributes":[
            {
               "attribute":"name",
               "type":"string"
            },
            {
               "attribute":"name_de",
               "type":"string"
            },
            {
               "attribute":"name_en",
               "type":"string"
            },
            {
               "attribute":"name_es",
               "type":"string"
            },
            {
               "attribute":"name_fr",
               "type":"string"
            },
            {
               "attribute":"name_ru",
               "type":"string"
            },
            {
               "attribute":"name_zh",
               "type":"string"
            },
            {
               "attribute":"name_zh-Hans",
               "type":"string"
            },
            {
               "attribute":"name_pt",
               "type":"string"
            },
            {
               "attribute":"name_ar",
               "type":"string"
            },
            {
               "attribute":"class",
               "type":"string",
               "values":[
                  "river",
                  "canal",
                  "stream",
                  "stream_intermittent",
                  "drain",
                  "ditch"
               ]
            },
            {
               "attribute":"type",
               "type":"string",
               "values":[
                  "river",
                  "canal",
                  "stream",
                  "drain",
                  "ditch"
               ]
            }
         ]
      },
      {
         "account":"mapbox",
         "tilesetid":"mapbox.mapbox-streets-v7",
         "layer":"housenum_label",
         "geometry":"Point",
         "count":null,
         "attributes":[
            {
               "attribute":"house_num",
               "type":"string"
            }
         ]
      }
   ]
}